energy_eV,imfp_nm,stopping_power_eV_per_nm
7.000000e+01,3.219476e+00,1.014433e+01
7.216461e+01,2.647180e+00,1.253869e+01
7.439616e+01,2.255991e+00,1.495053e+01
7.669672e+01,1.974841e+00,1.735129e+01
7.906841e+01,1.764069e+00,1.973077e+01
8.151345e+01,1.604676e+00,2.202237e+01
8.403409e+01,1.482458e+00,2.418892e+01
8.663268e+01,1.387552e+00,2.620822e+01
8.931163e+01,1.312189e+00,2.809172e+01
9.207342e+01,1.251031e+00,2.985735e+01
9.492061e+01,1.200695e+00,3.151509e+01
9.785584e+01,1.158744e+00,3.307574e+01
1.008818e+02,1.124024e+00,3.452541e+01
1.040014e+02,1.095572e+00,3.585334e+01
1.072175e+02,1.072125e+00,3.707257e+01
1.105329e+02,1.052844e+00,3.818970e+01
1.139510e+02,1.037138e+00,3.920761e+01
1.174747e+02,1.024517e+00,4.013035e+01
1.211073e+02,1.014562e+00,4.096331e+01
1.248524e+02,1.006887e+00,4.171442e+01
1.287132e+02,1.001170e+00,4.239179e+01
1.326934e+02,9.971051e-01,4.300579e+01
1.367967e+02,9.944388e-01,4.356596e+01
1.410268e+02,9.930452e-01,4.407528e+01
1.453878e+02,9.928214e-01,4.453627e+01
1.498836e+02,9.936665e-01,4.495233e+01
1.545185e+02,9.954639e-01,4.532894e+01
1.592967e+02,9.981547e-01,4.566801e+01
1.642226e+02,1.001708e+00,4.596972e+01
1.693009e+02,1.006085e+00,4.623539e+01
1.745362e+02,1.011208e+00,4.646998e+01
1.799334e+02,1.017020e+00,4.667707e+01
1.854975e+02,1.023469e+00,4.686033e+01
1.912336e+02,1.030494e+00,4.702452e+01
1.971471e+02,1.038153e+00,4.716408e+01
2.032435e+02,1.046449e+00,4.727822e+01
2.095284e+02,1.055371e+00,4.736790e+01
2.160077e+02,1.064907e+00,4.743402e+01
2.226873e+02,1.075039e+00,4.747850e+01
2.295735e+02,1.085618e+00,4.751567e+01
2.366726e+02,1.096682e+00,4.754214e+01
2.439912e+02,1.108360e+00,4.754575e+01
2.515362e+02,1.120647e+00,4.752748e+01
2.593144e+02,1.133524e+00,4.748960e+01
2.673332e+02,1.146965e+00,4.743563e+01
2.756000e+02,1.161055e+00,4.735759e+01
2.841224e+02,1.175796e+00,4.725621e+01
2.929083e+02,1.191102e+00,4.714138e+01
3.019659e+02,1.207121e+00,4.699875e+01
3.113036e+02,1.223990e+00,4.681581e+01
3.209301e+02,1.241939e+00,4.657054e+01
3.308542e+02,1.261193e+00,4.624279e+01
3.410852e+02,1.281547e+00,4.585749e+01
3.516326e+02,1.296661e+00,4.607010e+01
3.625062e+02,1.311047e+00,4.639906e+01
3.737160e+02,1.328223e+00,4.647963e+01
3.852724e+02,1.347116e+00,4.642911e+01
3.971862e+02,1.367008e+00,4.632642e+01
4.094684e+02,1.387781e+00,4.618607e+01
4.221304e+02,1.409308e+00,4.602355e+01
4.351840e+02,1.431546e+00,4.584542e+01
4.486412e+02,1.454498e+00,4.565290e+01
4.625145e+02,1.478175e+00,4.544680e+01
4.768169e+02,1.502593e+00,4.522748e+01
4.915615e+02,1.527769e+00,4.499462e+01
5.067621e+02,1.553725e+00,4.474815e+01
5.224327e+02,1.580478e+00,4.448847e+01
5.385879e+02,1.608051e+00,4.421490e+01
5.552427e+02,1.636481e+00,4.392660e+01
5.724125e+02,1.665784e+00,4.362411e+01
5.901132e+02,1.695978e+00,4.330780e+01
6.083613e+02,1.727086e+00,4.297832e+01
6.271737e+02,1.759117e+00,4.263647e+01
6.465678e+02,1.792094e+00,4.228319e+01
6.665617e+02,1.826041e+00,4.191890e+01
6.871738e+02,1.860945e+00,4.154677e+01
7.084233e+02,1.896803e+00,4.117035e+01
7.303299e+02,1.933631e+00,4.078997e+01
7.529139e+02,1.971466e+00,4.040608e+01
7.761963e+02,2.010313e+00,4.001881e+01
8.001987e+02,2.050211e+00,3.962841e+01
8.249432e+02,2.091179e+00,3.923483e+01
8.504530e+02,2.133239e+00,3.883858e+01
8.767516e+02,2.176450e+00,3.843876e+01
9.038634e+02,2.220802e+00,3.803561e+01
9.318136e+02,2.266392e+00,3.762849e+01
9.606281e+02,2.313197e+00,3.721758e+01
9.903337e+02,2.361278e+00,3.680248e+01
1.020958e+03,2.410655e+00,3.638399e+01
1.052529e+03,2.461392e+00,3.596093e+01
1.085076e+03,2.513540e+00,3.553246e+01
1.118630e+03,2.567130e+00,3.509850e+01
1.153222e+03,2.622198e+00,3.465885e+01
1.188883e+03,2.678766e+00,3.421439e+01
1.225647e+03,2.736916e+00,3.376514e+01
1.263547e+03,2.796678e+00,3.331169e+01
1.302620e+03,2.858030e+00,3.285520e+01
1.342901e+03,2.921089e+00,3.239507e+01
1.384428e+03,2.985860e+00,3.193225e+01
1.427238e+03,3.052398e+00,3.146760e+01
1.471373e+03,3.120711e+00,3.100186e+01
1.516872e+03,3.190957e+00,3.053384e+01
1.563779e+03,3.263039e+00,3.006577e+01
1.612135e+03,3.337126e+00,2.959616e+01
1.661988e+03,3.413165e+00,2.912689e+01
1.713381e+03,3.491257e+00,2.865778e+01
1.766364e+03,3.571440e+00,2.818943e+01
1.820986e+03,3.653793e+00,2.772195e+01
1.877296e+03,3.738385e+00,2.725602e+01
1.935348e+03,3.825175e+00,2.679217e+01
1.995195e+03,3.914243e+00,2.633044e+01
2.056892e+03,4.005778e+00,2.587058e+01
2.120497e+03,4.099744e+00,2.541382e+01
2.186070e+03,4.196372e+00,2.495876e+01
2.253670e+03,4.295476e+00,2.450787e+01
2.323360e+03,4.397306e+00,2.405946e+01
2.395205e+03,4.501500e+00,2.361628e+01
2.469272e+03,4.608886e+00,2.317470e+01
2.545630e+03,4.718858e+00,2.273902e+01
2.624348e+03,4.831772e+00,2.230728e+01
2.705501e+03,4.947970e+00,2.187851e+01
2.789163e+03,5.067075e+00,2.145560e+01
2.875413e+03,5.189454e+00,2.103753e+01
2.964329e+03,5.313782e+00,2.067814e+01
3.055995e+03,5.439498e+00,2.043199e+01
3.150496e+03,5.568423e+00,2.017898e+01
3.247919e+03,5.701038e+00,1.991550e+01
3.348355e+03,5.837231e+00,1.964713e+01
3.451896e+03,5.977498e+00,1.937143e+01
3.558639e+03,6.121138e+00,1.909348e+01
3.668683e+03,6.269012e+00,1.881015e+01
3.782130e+03,6.420865e+00,1.852425e+01
3.899085e+03,6.576461e+00,1.825319e+01
4.019656e+03,6.735542e+00,1.798229e+01
4.143956e+03,6.900342e+00,1.770230e+01
4.272100e+03,7.068625e+00,1.742918e+01
4.404207e+03,7.241521e+00,1.715452e+01
4.540398e+03,7.419027e+00,1.688028e+01
4.680801e+03,7.601925e+00,1.660454e+01
4.825546e+03,7.789130e+00,1.632806e+01
4.974766e+03,7.980504e+00,1.605614e+01
5.128601e+03,8.178121e+00,1.578112e+01
5.287193e+03,8.380924e+00,1.550690e+01
5.450689e+03,8.589843e+00,1.523068e+01
5.619241e+03,8.804044e+00,1.496048e+01
5.793005e+03,9.023644e+00,1.468767e+01
5.972142e+03,9.248515e+00,1.441654e+01
6.156819e+03,9.481055e+00,1.414991e+01
6.347207e+03,9.720622e+00,1.387943e+01
6.543482e+03,9.965806e+00,1.361499e+01
6.745826e+03,1.021416e+01,1.335702e+01
6.954427e+03,1.047223e+01,1.309529e+01
7.169480e+03,1.073594e+01,1.283801e+01
7.391182e+03,1.100977e+01,1.258378e+01
7.619740e+03,1.128600e+01,1.233341e+01
7.855365e+03,1.157522e+01,1.208107e+01
8.098277e+03,1.187058e+01,1.183557e+01
8.348700e+03,1.217260e+01,1.159231e+01
8.606867e+03,1.248323e+01,1.135408e+01
8.873018e+03,1.279932e+01,1.111739e+01
9.147399e+03,1.312827e+01,1.088501e+01
9.430264e+03,1.346477e+01,1.065487e+01
9.721877e+03,1.380885e+01,1.043245e+01
1.002251e+04,1.416187e+01,1.021176e+01
1.033243e+04,1.452502e+01,9.992392e+00
1.065194e+04,1.489981e+01,9.775696e+00
1.098133e+04,1.528178e+01,9.562560e+00
1.132091e+04,1.567227e+01,9.355941e+00
1.167099e+04,1.607405e+01,9.153667e+00
1.203189e+04,1.649122e+01,8.948878e+00
1.240395e+04,1.692728e+01,8.751052e+00
1.278752e+04,1.736727e+01,8.559367e+00
1.318295e+04,1.783347e+01,8.364803e+00
1.359061e+04,1.829901e+01,8.177308e+00
1.401087e+04,1.876668e+01,7.998841e+00
1.444413e+04,1.925522e+01,7.816236e+00
1.489078e+04,1.977506e+01,7.631528e+00
1.535125e+04,2.029201e+01,7.460331e+00
1.582596e+04,2.082375e+01,7.288516e+00
1.631535e+04,2.136594e+01,7.123068e+00
1.681987e+04,2.192405e+01,6.962734e+00
1.733999e+04,2.249463e+01,6.801679e+00
1.787619e+04,2.307486e+01,6.650697e+00
1.842898e+04,2.368147e+01,6.503446e+00
1.899886e+04,2.431356e+01,6.352765e+00
1.958636e+04,2.497067e+01,6.207111e+00
2.019203e+04,2.565259e+01,6.064322e+00
2.081643e+04,2.631693e+01,5.936096e+00
2.146014e+04,2.698851e+01,5.808130e+00
2.212375e+04,2.768244e+01,5.682592e+00
2.280789e+04,2.845621e+01,5.547357e+00
2.351318e+04,2.926586e+01,5.406779e+00
2.424027e+04,3.000116e+01,5.298350e+00
2.498986e+04,3.075964e+01,5.185857e+00
2.576262e+04,3.170629e+01,5.048963e+00
2.655928e+04,3.254564e+01,4.938464e+00
2.738057e+04,3.333865e+01,4.834891e+00
2.822726e+04,3.440356e+01,4.695721e+00
2.910014e+04,3.522813e+01,4.605449e+00
3.000000e+04,3.616340e+01,4.498905e+00
